<?xml version="1.0" encoding="UTF-8"?>
<!-- Generated by eXe - http://exelearning.net -->
<manifest identifier="eXeESTILOBASE5e393036250c579eda22" xmlns="http://www.imsproject.org/xsd/imscp_rootv1p1p2" xmlns:adlcp="http://www.adlnet.org/xsd/adlcp_rootv1p2" xmlns:imsmd="http://www.imsglobal.org/xsd/imsmd_v1p2" xmlns:xsi="http://www.w3.org/2001/XMLSchema-instance" xsi:schemaLocation="http://www.imsproject.org/xsd/imscp_rootv1p1p2 imscp_rootv1p1p2.xsd http://www.imsglobal.org/xsd/imsmd_rootv1p2p1 imsmd_rootv1p2p1.xsd http://www.adlnet.org/xsd/adlcp_rootv1p2 adlcp_rootv1p2.xsd" > 
<metadata> 
 <schema>ADL SCORM</schema> 
 <schemaversion>1.2</schemaversion> 
 <adlcp:location>imslrm.xml</adlcp:location> 
</metadata> 
<organizations default="eXeESTILOBASE5e393036250c579edb23">  
    <organization identifier="eXeESTILOBASE5e393036250c579edb23" structure="hierarchical">
        <title>Redes locales con Cisco Packet Tracer</title>
<item identifier="ITEM-eXeESTILOBASE5e393036250c579edb24" isvisible="true" identifierref="RES-eXeESTILOBASE5e393036250c579edb25">
    <title>UT7 - Enrutamiento</title>
<item identifier="ITEM-eXeESTILOBASE5e393036250c579edc26" isvisible="true" identifierref="RES-eXeESTILOBASE5e393036250c579edc27">
    <title>Nociones básicas sobre el simulador Cisco Packet Tracer.</title>
</item>
<item identifier="ITEM-eXeESTILOBASE5e393036250c579edd28" isvisible="true" identifierref="RES-eXeESTILOBASE5e393036250c579edd29">
    <title>Diseño de una red local. Interconexión de equipos y pruebas de conectividad.</title>
</item>
<item identifier="ITEM-eXeESTILOBASE5e393036250c579ede2a" isvisible="true" identifierref="RES-eXeESTILOBASE5e393036250c579ede2b">
    <title>Interconexión de dos redes con un router.</title>
</item>
<item identifier="ITEM-eXeESTILOBASE5e393036250c579edf2c" isvisible="true" identifierref="RES-eXeESTILOBASE5e393036250c579edf2d">
    <title>RIP. El algoritmo de Bellman-Ford.</title>
</item>
<item identifier="ITEM-eXeESTILOBASE5e393036250c579ee02e" isvisible="true" identifierref="RES-eXeESTILOBASE5e393036250c579ee02f">
    <title>Enrutamiento estático en routers Cisco con iOS (Cisco Internetwork Operating System).</title>
</item>
<item identifier="ITEM-eXeESTILOBASE5e393036250c579ee030" isvisible="true" identifierref="RES-eXeESTILOBASE5e393036250c579ee031">
    <title>Enrutamiento dinámico (RIPv2) en routers Cisco con iOS (Cisco Internetwork Operating System).</title>
</item>
</item>
  </organization>
</organizations>
<resources>
  <resource identifier="RES-eXeESTILOBASE5e393036250c579edb25" type="webcontent" adlcp:scormtype="sco" href="index.html"> 
    <file href="index.html"/> 
    <file href="exe_html5.js"/>
    <dependency identifierref="COMMON_FILES"/>
  </resource>
  <resource identifier="RES-eXeESTILOBASE5e393036250c579edc27" type="webcontent" adlcp:scormtype="sco" href="nociones_bsicas_sobre_el_simulador_cisco_packet_tracer.html"> 
    <file href="nociones_bsicas_sobre_el_simulador_cisco_packet_tracer.html"/> 
    <file href="exe_html5.js"/>
    <dependency identifierref="COMMON_FILES"/>
  </resource>
  <resource identifier="RES-eXeESTILOBASE5e393036250c579edd29" type="webcontent" adlcp:scormtype="sco" href="diseo_de_una_red_localinterconexin_de_equipos_y_pruebas_de_conectividad.html"> 
    <file href="diseo_de_una_red_localinterconexin_de_equipos_y_pruebas_de_conectividad.html"/> 
    <file href="exe_html5.js"/>
    <dependency identifierref="COMMON_FILES"/>
  </resource>
  <resource identifier="RES-eXeESTILOBASE5e393036250c579ede2b" type="webcontent" adlcp:scormtype="sco" href="interconexin_de_dos_redes_con_un_router.html"> 
    <file href="interconexin_de_dos_redes_con_un_router.html"/> 
    <file href="exe_html5.js"/>
    <dependency identifierref="COMMON_FILES"/>
  </resource>
  <resource identifier="RES-eXeESTILOBASE5e393036250c579edf2d" type="webcontent" adlcp:scormtype="sco" href="rip_el_algoritmo_de_bellmanford.html"> 
    <file href="rip_el_algoritmo_de_bellmanford.html"/> 
    <file href="exe_html5.js"/>
    <dependency identifierref="COMMON_FILES"/>
  </resource>
  <resource identifier="RES-eXeESTILOBASE5e393036250c579ee02f" type="webcontent" adlcp:scormtype="sco" href="enrutamiento_esttico_en_routers_cisco_con_ios_cisco_internetwork_operating_system.html"> 
    <file href="enrutamiento_esttico_en_routers_cisco_con_ios_cisco_internetwork_operating_system.html"/> 
    <file href="exe_html5.js"/>
    <dependency identifierref="COMMON_FILES"/>
  </resource>
  <resource identifier="RES-eXeESTILOBASE5e393036250c579ee031" type="webcontent" adlcp:scormtype="sco" href="enrutamiento_dinmico_ripv2_en_routers_cisco_con_iosciscointernetwork_operating_system.html"> 
    <file href="enrutamiento_dinmico_ripv2_en_routers_cisco_con_iosciscointernetwork_operating_system.html"/> 
    <file href="exe_html5.js"/>
    <dependency identifierref="COMMON_FILES"/>
  </resource>
  <resource identifier="COMMON_FILES" type="webcontent" adlcp:scormtype="asset">
    <file href="config.xml"/>
    <file href="content.css"/>
    <file href="icon_activity.gif"/>
    <file href="icon_casestudy.gif"/>
    <file href="icon_gallery.gif"/>
    <file href="icon_generic.gif"/>
    <file href="icon_objectives.gif"/>
    <file href="icon_preknowledge.gif"/>
    <file href="icon_question.gif"/>
    <file href="icon_reading.gif"/>
    <file href="icon_reflection.gif"/>
    <file href="nav.css"/>
    <file href="_em_columna_izquierda.gif"/>
    <file href="_em_flecha_nav.gif"/>
    <file href="_em_fondo_pagina.gif"/>
    <file href="_em_js.js"/>
    <file href="_em_licenses.gif"/>
    <file href="_em_logo.png"/>
    <file href="_em_max_min.gif"/>
    <file href="_em_ocultar_mostrar.gif"/>
    <file href="base.css"/>
    <file href="popup_bg.gif"/>
    <file href="SCORM_API_wrapper.js"/>
    <file href="SCOFunctions.js"/>
    <file href="common.js"/>
    <file href="common_i18n.js"/>
    <file href="exe_jquery.js"/>
  </resource>
</resources>
</manifest>
