<?xml version="1.0" encoding="UTF-8"?>
        <!-- Generated by eXe - http://exelearning.net -->
        <manifest identifier="eXetamientoPT5e39303624f182a84b22"
        xmlns="http://www.imsglobal.org/xsd/imscp_v1p1"
        xmlns:imsmd="http://www.imsglobal.org/xsd/imsmd_v1p2"
        xmlns:xsi="http://www.w3.org/2001/XMLSchema-instance"
        xmlns:lom="http://ltsc.ieee.org/xsd/LOM"
        
 xsi:schemaLocation="http://www.imsglobal.org/xsd/imscp_v1p1 imscp_v1p1.xsd http://www.imsglobal.org/xsd/imsmd_v1p2 imsmd_v1p2p2.xsd"> 
<metadata> 
 <schema>IMS Content</schema> 
 <schemaversion>1.1.3</schemaversion> 
 <lom:lom><lom:general uniqueElementName="general"><lom:identifier><lom:catalog uniqueElementName="catalog">My Catalog</lom:catalog><lom:entry uniqueElementName="entry">4a7d755e-34a5-410a-a7d4-601881136623</lom:entry></lom:identifier><lom:title><lom:string language="es">Redes locales con Cisco Packet Tracer</lom:string></lom:title><lom:language>es</lom:language><lom:description><lom:string language="es">Redes locales con Cisco Packet Tracer</lom:string></lom:description><lom:aggregationLevel uniqueElementName="aggregationLevel"><lom:source uniqueElementName="source">LOM-ESv1.0</lom:source><lom:value uniqueElementName="value">2</lom:value></lom:aggregationLevel></lom:general><lom:lifeCycle><lom:contribute><lom:role uniqueElementName="role"><lom:source uniqueElementName="source">LOM-ESv1.0</lom:source><lom:value uniqueElementName="value">author</lom:value></lom:role><lom:entity>BEGIN:VCARD VERSION:3.0 FN:Francisco Javier Hernández Ferreiro EMAIL;TYPE=INTERNET: ORG: END:VCARD</lom:entity><lom:date><lom:dateTime uniqueElementName="dateTime">2020-04-10T10:40:20.00+02:00</lom:dateTime><lom:description><lom:string language="es">Fecha de creación de los metadatos</lom:string></lom:description></lom:date></lom:contribute></lom:lifeCycle><lom:metaMetadata uniqueElementName="metaMetadata"><lom:contribute><lom:role uniqueElementName="role"><lom:source uniqueElementName="source">LOM-ESv1.0</lom:source><lom:value uniqueElementName="value">creator</lom:value></lom:role><lom:entity>BEGIN:VCARD VERSION:3.0 FN:Francisco Javier Hernández Ferreiro EMAIL;TYPE=INTERNET: ORG: END:VCARD</lom:entity><lom:date><lom:dateTime uniqueElementName="dateTime">2020-04-10T10:38:25.00+02:00</lom:dateTime><lom:description><lom:string language="es">Fecha de creación de los metadatos</lom:string></lom:description></lom:date></lom:contribute><lom:metadataSchema>LOM-ESv1.0</lom:metadataSchema><lom:language>es</lom:language></lom:metaMetadata><lom:technical uniqueElementName="technical"><lom:otherPlatformRequirements><lom:string language="es">editor: eXe Learning</lom:string></lom:otherPlatformRequirements></lom:technical><lom:educational><lom:intendedEndUserRole><lom:source uniqueElementName="source">LOM-ESv1.0</lom:source><lom:value uniqueElementName="value">learner</lom:value></lom:intendedEndUserRole><lom:context><lom:source uniqueElementName="source">LOM-ESv1.0</lom:source><lom:value uniqueElementName="value">presencial</lom:value></lom:context><lom:context><lom:source uniqueElementName="source">LOM-ESv1.0</lom:source><lom:value uniqueElementName="value">classroom</lom:value></lom:context><lom:language>es</lom:language></lom:educational><lom:rights uniqueElementName="rights"><lom:copyrightAndOtherRestrictions uniqueElementName="copyrightAndOtherRestrictions"><lom:source uniqueElementName="source">LOM-ESv1.0</lom:source><lom:value uniqueElementName="value">creative commons: attribution - share alike</lom:value></lom:copyrightAndOtherRestrictions><lom:access uniqueElementName="access"><lom:accessType uniqueElementName="accessType"><lom:source uniqueElementName="source">LOM-ESv1.0</lom:source><lom:value uniqueElementName="value">universal</lom:value></lom:accessType><lom:description><lom:string language="en">Default</lom:string></lom:description></lom:access></lom:rights></lom:lom>
</metadata> 
<organizations default="eXetamientoPT5e39303624f182a84b23">  
<organization identifier="eXetamientoPT5e39303624f182a84b23" structure="hierarchical">  
<title>Redes locales con Cisco Packet Tracer</title>
<item identifier="ITEM-eXetamientoPT5e39303624f182a84b24" isvisible="true" identifierref="RES-eXetamientoPT5e39303624f182a84b25">
    <title>UT7 - Enrutamiento</title>
<item identifier="ITEM-eXetamientoPT5e39303624f182a84c26" isvisible="true" identifierref="RES-eXetamientoPT5e39303624f182a84c27">
    <title>Nociones básicas sobre el simulador Cisco Packet Tracer.</title>
</item>
<item identifier="ITEM-eXetamientoPT5e39303624f182a84d28" isvisible="true" identifierref="RES-eXetamientoPT5e39303624f182a84d29">
    <title>Diseño de una red local. Interconexión de equipos y pruebas de conectividad.</title>
</item>
<item identifier="ITEM-eXetamientoPT5e39303624f182a84e2a" isvisible="true" identifierref="RES-eXetamientoPT5e39303624f182a84e2b">
    <title>Interconexión de dos redes con un router.</title>
</item>
<item identifier="ITEM-eXetamientoPT5e39303624f182a84f2c" isvisible="true" identifierref="RES-eXetamientoPT5e39303624f182a84f2d">
    <title>RIP. El algoritmo de Bellman-Ford.</title>
</item>
<item identifier="ITEM-eXetamientoPT5e39303624f182a84f2e" isvisible="true" identifierref="RES-eXetamientoPT5e39303624f182a84f2f">
    <title>Enrutamiento estático en routers Cisco con iOS (Cisco Internetwork Operating System).</title>
</item>
<item identifier="ITEM-eXetamientoPT5e39303624f182a85030" isvisible="true" identifierref="RES-eXetamientoPT5e39303624f182a85031">
    <title>Enrutamiento dinámico (RIPv2) en routers Cisco con iOS (Cisco Internetwork Operating System).</title>
</item>
</item>
</organization>
</organizations>
<resources>
<resource identifier="RES-eXetamientoPT5e39303624f182a84b25" type="webcontent" href="index.html"> 
    <file href="index.html"/>
    <file href="base.css"/>
    <file href="content.css"/>
    <file href="exe_html5.js"/>
    <file href="exe_jquery.js"/>
</resource>
<resource identifier="RES-eXetamientoPT5e39303624f182a84c27" type="webcontent" href="nociones_bsicas_sobre_el_simulador_cisco_packet_tracer.html"> 
    <file href="nociones_bsicas_sobre_el_simulador_cisco_packet_tracer.html"/>
    <file href="base.css"/>
    <file href="content.css"/>
    <file href="exe_html5.js"/>
    <file href="exe_jquery.js"/>
</resource>
<resource identifier="RES-eXetamientoPT5e39303624f182a84d29" type="webcontent" href="diseo_de_una_red_localinterconexin_de_equipos_y_pruebas_de_conectividad.html"> 
    <file href="diseo_de_una_red_localinterconexin_de_equipos_y_pruebas_de_conectividad.html"/>
    <file href="base.css"/>
    <file href="content.css"/>
    <file href="exe_html5.js"/>
    <file href="exe_jquery.js"/>
</resource>
<resource identifier="RES-eXetamientoPT5e39303624f182a84e2b" type="webcontent" href="interconexin_de_dos_redes_con_un_router.html"> 
    <file href="interconexin_de_dos_redes_con_un_router.html"/>
    <file href="base.css"/>
    <file href="content.css"/>
    <file href="exe_html5.js"/>
    <file href="exe_jquery.js"/>
</resource>
<resource identifier="RES-eXetamientoPT5e39303624f182a84f2d" type="webcontent" href="rip_el_algoritmo_de_bellmanford.html"> 
    <file href="rip_el_algoritmo_de_bellmanford.html"/>
    <file href="base.css"/>
    <file href="content.css"/>
    <file href="exe_html5.js"/>
    <file href="exe_jquery.js"/>
</resource>
<resource identifier="RES-eXetamientoPT5e39303624f182a84f2f" type="webcontent" href="enrutamiento_esttico_en_routers_cisco_con_ios_cisco_internetwork_operating_system.html"> 
    <file href="enrutamiento_esttico_en_routers_cisco_con_ios_cisco_internetwork_operating_system.html"/>
    <file href="base.css"/>
    <file href="content.css"/>
    <file href="exe_html5.js"/>
    <file href="exe_jquery.js"/>
</resource>
<resource identifier="RES-eXetamientoPT5e39303624f182a85031" type="webcontent" href="enrutamiento_dinmico_ripv2_en_routers_cisco_con_iosciscointernetwork_operating_system.html"> 
    <file href="enrutamiento_dinmico_ripv2_en_routers_cisco_con_iosciscointernetwork_operating_system.html"/>
    <file href="base.css"/>
    <file href="content.css"/>
    <file href="exe_html5.js"/>
    <file href="exe_jquery.js"/>
</resource>
</resources>
</manifest>
