<?xml version="1.0" encoding="UTF-8"?>
<!-- Generated by eXe - http://exelearning.net -->
<manifest identifier="eXetamientoPT5e39303624f17e315b1" 
xmlns:xsi="http://www.w3.org/2001/XMLSchema-instance" 
xmlns:adlcp="http://www.adlnet.org/xsd/adlcp_v1p3" 
xmlns:adlseq="http://www.adlnet.org/xsd/adlseq_v1p3" 
xmlns:adlnav="http://www.adlnet.org/xsd/adlnav_v1p3" 
xmlns:imsss="http://www.imsglobal.org/xsd/imsss" 
xmlns:lom="http://ltsc.ieee.org/xsd/LOM" 
xmlns:lomes="http://ltsc.ieee.org/xsd/LOM" 
xmlns="http://www.imsglobal.org/xsd/imscp_v1p1" 
xsi:schemaLocation="http://www.imsglobal.org/xsd/imscp_v1p1 imscp_v1p1.xsd http://ltsc.ieee.org/xsd/LOM lomCustom.xsd http://www.adlnet.org/xsd/adlcp_v1p3 adlcp_v1p3.xsd  http://www.imsglobal.org/xsd/imsss imsss_v1p0.xsd  http://www.adlnet.org/xsd/adlseq_v1p3 adlseq_v1p3.xsd http://www.adlnet.org/xsd/adlnav_v1p3 adlnav_v1p3.xsd"> 
<metadata> 
 <schema>ADL SCORM</schema> 
 <schemaversion>2004 4th Edition</schemaversion> 
 <adlcp:location>imslrm.xml</adlcp:location> 
</metadata> 
<organizations default="eXetamientoPT5e39303624f17e315c2">  
    <organization identifier="eXetamientoPT5e39303624f17e315c2" structure="hierarchical">
        <title>Redes locales con Cisco Packet Tracer</title>
<item identifier="ITEM-eXetamientoPT5e39303624f17e315c3" isvisible="true">
    <title>UT7 - Enrutamiento</title>
<item identifier="ITEM-eXetamientoPT5e39303624f17e315c4" isvisible="true" identifierref="RES-eXetamientoPT5e39303624f17e315c5">
    <title>UT7 - Enrutamiento</title>
</item>
<item identifier="ITEM-eXetamientoPT5e39303624f17e315c6" isvisible="true" identifierref="RES-eXetamientoPT5e39303624f17e315c7">
    <title>Nociones básicas sobre el simulador Cisco Packet Tracer.</title>
</item>
<item identifier="ITEM-eXetamientoPT5e39303624f17e315d8" isvisible="true" identifierref="RES-eXetamientoPT5e39303624f17e315d9">
    <title>Diseño de una red local. Interconexión de equipos y pruebas de conectividad.</title>
</item>
<item identifier="ITEM-eXetamientoPT5e39303624f17e315ea" isvisible="true" identifierref="RES-eXetamientoPT5e39303624f17e315eb">
    <title>Interconexión de dos redes con un router.</title>
</item>
<item identifier="ITEM-eXetamientoPT5e39303624f17e315fc" isvisible="true" identifierref="RES-eXetamientoPT5e39303624f17e315fd">
    <title>RIP. El algoritmo de Bellman-Ford.</title>
</item>
<item identifier="ITEM-eXetamientoPT5e39303624f17e3160e" isvisible="true" identifierref="RES-eXetamientoPT5e39303624f17e3160f">
    <title>Enrutamiento estático en routers Cisco con iOS (Cisco Internetwork Operating System).</title>
</item>
<item identifier="ITEM-eXetamientoPT5e39303624f17e316010" isvisible="true" identifierref="RES-eXetamientoPT5e39303624f17e316011">
    <title>Enrutamiento dinámico (RIPv2) en routers Cisco con iOS (Cisco Internetwork Operating System).</title>
</item>
  <imsss:sequencing>
    <imsss:controlMode choice="true" choiceExit="true" flow="true" forwardOnly="false"/>
  </imsss:sequencing></item>
  <imsss:sequencing>
    <imsss:controlMode choice="true" choiceExit="true" flow="true" forwardOnly="false"/>
  </imsss:sequencing>  </organization>
</organizations>
<resources>
  <resource identifier="RES-eXetamientoPT5e39303624f17e315c5" type="webcontent" adlcp:scormType="sco" href="index.html"> 
    <file href="index.html"/> 
    <file href="exe_html5.js"/>
    <dependency identifierref="COMMON_FILES"/>
  </resource>
  <resource identifier="RES-eXetamientoPT5e39303624f17e315c7" type="webcontent" adlcp:scormType="sco" href="nociones_bsicas_sobre_el_simulador_cisco_packet_tracer.html"> 
    <file href="nociones_bsicas_sobre_el_simulador_cisco_packet_tracer.html"/> 
    <file href="exe_html5.js"/>
    <dependency identifierref="COMMON_FILES"/>
  </resource>
  <resource identifier="RES-eXetamientoPT5e39303624f17e315d9" type="webcontent" adlcp:scormType="sco" href="diseo_de_una_red_localinterconexin_de_equipos_y_pruebas_de_conectividad.html"> 
    <file href="diseo_de_una_red_localinterconexin_de_equipos_y_pruebas_de_conectividad.html"/> 
    <file href="exe_html5.js"/>
    <dependency identifierref="COMMON_FILES"/>
  </resource>
  <resource identifier="RES-eXetamientoPT5e39303624f17e315eb" type="webcontent" adlcp:scormType="sco" href="interconexin_de_dos_redes_con_un_router.html"> 
    <file href="interconexin_de_dos_redes_con_un_router.html"/> 
    <file href="exe_html5.js"/>
    <dependency identifierref="COMMON_FILES"/>
  </resource>
  <resource identifier="RES-eXetamientoPT5e39303624f17e315fd" type="webcontent" adlcp:scormType="sco" href="rip_el_algoritmo_de_bellmanford.html"> 
    <file href="rip_el_algoritmo_de_bellmanford.html"/> 
    <file href="exe_html5.js"/>
    <dependency identifierref="COMMON_FILES"/>
  </resource>
  <resource identifier="RES-eXetamientoPT5e39303624f17e3160f" type="webcontent" adlcp:scormType="sco" href="enrutamiento_esttico_en_routers_cisco_con_ios_cisco_internetwork_operating_system.html"> 
    <file href="enrutamiento_esttico_en_routers_cisco_con_ios_cisco_internetwork_operating_system.html"/> 
    <file href="exe_html5.js"/>
    <dependency identifierref="COMMON_FILES"/>
  </resource>
  <resource identifier="RES-eXetamientoPT5e39303624f17e316011" type="webcontent" adlcp:scormType="sco" href="enrutamiento_dinmico_ripv2_en_routers_cisco_con_iosciscointernetwork_operating_system.html"> 
    <file href="enrutamiento_dinmico_ripv2_en_routers_cisco_con_iosciscointernetwork_operating_system.html"/> 
    <file href="exe_html5.js"/>
    <dependency identifierref="COMMON_FILES"/>
  </resource>
  <resource identifier="COMMON_FILES" type="webcontent" adlcp:scormType="asset">
    <file href="config.xml"/>
    <file href="content.css"/>
    <file href="EncodeSans-Light_latin-ext.woff2"/>
    <file href="EncodeSans-Light_latin.woff2"/>
    <file href="EncodeSans-Light_vietnamese.woff2"/>
    <file href="icon_atom.png"/>
    <file href="icon_award.png"/>
    <file href="icon_beach.png"/>
    <file href="icon_bulb.png"/>
    <file href="icon_camera.png"/>
    <file href="icon_classroom.png"/>
    <file href="icon_compass.png"/>
    <file href="icon_edia.png"/>
    <file href="icon_etwinning.png"/>
    <file href="icon_exe.png"/>
    <file href="icon_footprints.png"/>
    <file href="icon_free_license.png"/>
    <file href="icon_gears.png"/>
    <file href="icon_knowledge.png"/>
    <file href="icon_list.png"/>
    <file href="icon_microphone.png"/>
    <file href="icon_network.png"/>
    <file href="icon_plus.png"/>
    <file href="icon_presentation.png"/>
    <file href="icon_puzzle.png"/>
    <file href="icon_share.png"/>
    <file href="icon_stars.png"/>
    <file href="icon_talk.png"/>
    <file href="icon_teacher_screen.png"/>
    <file href="icon_telescope.png"/>
    <file href="icon_think.png"/>
    <file href="icon_tree.png"/>
    <file href="icon_write.png"/>
    <file href="nav.css"/>
    <file href="_intef_bg.png"/>
    <file href="_intef_footer.png"/>
    <file href="_intef_header.png"/>
    <file href="_intef_icons.png"/>
    <file href="_intef_js.js"/>
    <file href="_intef_left_column.gif"/>
    <file href="_intef_licenses.gif"/>
    <file href="_intef_menu.gif"/>
    <file href="_intef_print.png"/>
    <file href="_intef_title_bg.png"/>
    <file href="base.css"/>
    <file href="popup_bg.gif"/>
    <file href="SCORM_API_wrapper.js"/>
    <file href="SCOFunctions.js"/>
    <file href="common.js"/>
    <file href="common_i18n.js"/>
    <file href="exe_jquery.js"/>
  </resource>
</resources>
</manifest>
