<?xml version="1.0" encoding="UTF-8"?>
<!-- Generated by eXe - http://exelearning.net -->
<manifest identifier="eXeESTILOBASE5e393036250c5657ca12" xmlns="http://www.imsproject.org/xsd/imscp_rootv1p1p2" xmlns:adlcp="http://www.adlnet.org/xsd/adlcp_rootv1p2" xmlns:imsmd="http://www.imsglobal.org/xsd/imsmd_v1p2" xmlns:xsi="http://www.w3.org/2001/XMLSchema-instance" xsi:schemaLocation="http://www.imsproject.org/xsd/imscp_rootv1p1p2 imscp_rootv1p1p2.xsd http://www.imsglobal.org/xsd/imsmd_rootv1p2p1 imsmd_rootv1p2p1.xsd http://www.adlnet.org/xsd/adlcp_rootv1p2 adlcp_rootv1p2.xsd" > 
<metadata> 
 <schema>ADL SCORM</schema> 
 <schemaversion>1.2</schemaversion> 
 <adlcp:location>imslrm.xml</adlcp:location> 
</metadata> 
<organizations default="eXeESTILOBASE5e393036250c5657ca13">  
    <organization identifier="eXeESTILOBASE5e393036250c5657ca13" structure="hierarchical">
        <title>Redes locales con Cisco Packet Tracer</title>
<item identifier="ITEM-eXeESTILOBASE5e393036250c5657ca14" isvisible="true" identifierref="RES-eXeESTILOBASE5e393036250c5657ca15">
    <title>UT7 - Enrutamiento</title>
<item identifier="ITEM-eXeESTILOBASE5e393036250c5657cb16" isvisible="true" identifierref="RES-eXeESTILOBASE5e393036250c5657cb17">
    <title>Nociones básicas sobre el simulador Cisco Packet Tracer.</title>
</item>
<item identifier="ITEM-eXeESTILOBASE5e393036250c5657cb18" isvisible="true" identifierref="RES-eXeESTILOBASE5e393036250c5657cb19">
    <title>Diseño de una red local. Interconexión de equipos y pruebas de conectividad.</title>
</item>
<item identifier="ITEM-eXeESTILOBASE5e393036250c5657cc1a" isvisible="true" identifierref="RES-eXeESTILOBASE5e393036250c5657cc1b">
    <title>Interconexión de dos redes con un router.</title>
</item>
<item identifier="ITEM-eXeESTILOBASE5e393036250c5657cd1c" isvisible="true" identifierref="RES-eXeESTILOBASE5e393036250c5657cd1d">
    <title>RIP. El algoritmo de Bellman-Ford.</title>
</item>
<item identifier="ITEM-eXeESTILOBASE5e393036250c5657ce1e" isvisible="true" identifierref="RES-eXeESTILOBASE5e393036250c5657ce1f">
    <title>Enrutamiento estático en routers Cisco con iOS (Cisco Internetwork Operating System).</title>
</item>
<item identifier="ITEM-eXeESTILOBASE5e393036250c5657ce20" isvisible="true" identifierref="RES-eXeESTILOBASE5e393036250c5657ce21">
    <title>Enrutamiento dinámico (RIPv2) en routers Cisco con iOS (Cisco Internetwork Operating System).</title>
</item>
</item>
  </organization>
</organizations>
<resources>
  <resource identifier="RES-eXeESTILOBASE5e393036250c5657ca15" type="webcontent" adlcp:scormtype="sco" href="index.html"> 
    <file href="index.html"/> 
    <file href="exe_html5.js"/>
    <dependency identifierref="COMMON_FILES"/>
  </resource>
  <resource identifier="RES-eXeESTILOBASE5e393036250c5657cb17" type="webcontent" adlcp:scormtype="sco" href="nociones_bsicas_sobre_el_simulador_cisco_packet_tracer.html"> 
    <file href="nociones_bsicas_sobre_el_simulador_cisco_packet_tracer.html"/> 
    <file href="exe_html5.js"/>
    <dependency identifierref="COMMON_FILES"/>
  </resource>
  <resource identifier="RES-eXeESTILOBASE5e393036250c5657cb19" type="webcontent" adlcp:scormtype="sco" href="diseo_de_una_red_localinterconexin_de_equipos_y_pruebas_de_conectividad.html"> 
    <file href="diseo_de_una_red_localinterconexin_de_equipos_y_pruebas_de_conectividad.html"/> 
    <file href="exe_html5.js"/>
    <dependency identifierref="COMMON_FILES"/>
  </resource>
  <resource identifier="RES-eXeESTILOBASE5e393036250c5657cc1b" type="webcontent" adlcp:scormtype="sco" href="interconexin_de_dos_redes_con_un_router.html"> 
    <file href="interconexin_de_dos_redes_con_un_router.html"/> 
    <file href="exe_html5.js"/>
    <dependency identifierref="COMMON_FILES"/>
  </resource>
  <resource identifier="RES-eXeESTILOBASE5e393036250c5657cd1d" type="webcontent" adlcp:scormtype="sco" href="rip_el_algoritmo_de_bellmanford.html"> 
    <file href="rip_el_algoritmo_de_bellmanford.html"/> 
    <file href="exe_html5.js"/>
    <dependency identifierref="COMMON_FILES"/>
  </resource>
  <resource identifier="RES-eXeESTILOBASE5e393036250c5657ce1f" type="webcontent" adlcp:scormtype="sco" href="enrutamiento_esttico_en_routers_cisco_con_ios_cisco_internetwork_operating_system.html"> 
    <file href="enrutamiento_esttico_en_routers_cisco_con_ios_cisco_internetwork_operating_system.html"/> 
    <file href="exe_html5.js"/>
    <dependency identifierref="COMMON_FILES"/>
  </resource>
  <resource identifier="RES-eXeESTILOBASE5e393036250c5657ce21" type="webcontent" adlcp:scormtype="sco" href="enrutamiento_dinmico_ripv2_en_routers_cisco_con_iosciscointernetwork_operating_system.html"> 
    <file href="enrutamiento_dinmico_ripv2_en_routers_cisco_con_iosciscointernetwork_operating_system.html"/> 
    <file href="exe_html5.js"/>
    <dependency identifierref="COMMON_FILES"/>
  </resource>
  <resource identifier="COMMON_FILES" type="webcontent" adlcp:scormtype="asset">
    <file href="config.xml"/>
    <file href="content.css"/>
    <file href="icon_account.png"/>
    <file href="icon_account_black.png"/>
    <file href="icon_account_white.png"/>
    <file href="icon_alarm.png"/>
    <file href="icon_alarm_black.png"/>
    <file href="icon_alarm_white.png"/>
    <file href="icon_announcement.png"/>
    <file href="icon_announcement_black.png"/>
    <file href="icon_announcement_white.png"/>
    <file href="icon_assessment.png"/>
    <file href="icon_assessment_black.png"/>
    <file href="icon_assessment_white.png"/>
    <file href="icon_assignment.png"/>
    <file href="icon_assignment_black.png"/>
    <file href="icon_assignment_list.png"/>
    <file href="icon_assignment_list_black.png"/>
    <file href="icon_assignment_list_white.png"/>
    <file href="icon_assignment_white.png"/>
    <file href="icon_backup.png"/>
    <file href="icon_backup_black.png"/>
    <file href="icon_backup_white.png"/>
    <file href="icon_camera.png"/>
    <file href="icon_camera_black.png"/>
    <file href="icon_camera_white.png"/>
    <file href="icon_description.png"/>
    <file href="icon_description_black.png"/>
    <file href="icon_description_white.png"/>
    <file href="icon_download.png"/>
    <file href="icon_download_black.png"/>
    <file href="icon_download_white.png"/>
    <file href="icon_event.png"/>
    <file href="icon_event_black.png"/>
    <file href="icon_event_white.png"/>
    <file href="icon_exit.png"/>
    <file href="icon_exit_black.png"/>
    <file href="icon_exit_white.png"/>
    <file href="icon_explore.png"/>
    <file href="icon_explore_black.png"/>
    <file href="icon_explore_white.png"/>
    <file href="icon_info.png"/>
    <file href="icon_info_black.png"/>
    <file href="icon_info_white.png"/>
    <file href="icon_media.png"/>
    <file href="icon_media_black.png"/>
    <file href="icon_media_white.png"/>
    <file href="icon_note.png"/>
    <file href="icon_note_black.png"/>
    <file href="icon_note_white.png"/>
    <file href="icon_puzzle.png"/>
    <file href="icon_puzzle_black.png"/>
    <file href="icon_puzzle_white.png"/>
    <file href="icon_question.png"/>
    <file href="icon_question_black.png"/>
    <file href="icon_question_white.png"/>
    <file href="icon_renew.png"/>
    <file href="icon_renew_black.png"/>
    <file href="icon_renew_white.png"/>
    <file href="icon_search.png"/>
    <file href="icon_search_black.png"/>
    <file href="icon_search_white.png"/>
    <file href="icon_star.png"/>
    <file href="icon_star_black.png"/>
    <file href="icon_star_white.png"/>
    <file href="icon_unread.png"/>
    <file href="icon_unread_black.png"/>
    <file href="icon_unread_white.png"/>
    <file href="icon_wifi.png"/>
    <file href="icon_wifi_black.png"/>
    <file href="icon_wifi_white.png"/>
    <file href="nav.css"/>
    <file href="_style_icons.png"/>
    <file href="_style_icons_black.png"/>
    <file href="_style_icons_white.png"/>
    <file href="_style_input_checkbox.png"/>
    <file href="_style_input_radio.png"/>
    <file href="_style_js.js"/>
    <file href="_style_licenses.png"/>
    <file href="base.css"/>
    <file href="popup_bg.gif"/>
    <file href="SCORM_API_wrapper.js"/>
    <file href="SCOFunctions.js"/>
    <file href="common.js"/>
    <file href="common_i18n.js"/>
    <file href="exe_jquery.js"/>
  </resource>
</resources>
</manifest>
